{
  "success":1,
  "faillure":0,
  "response":[
    {
      "id":8,
      "administratorpropositionid":"e4e201a0-4196-11e9-92e1-5d89e3af6b71",
      "proposeduserid":"db324070-3d07-11e9-9635-9feddce0a875",
      "proposed_by":"cb35c7e0-2d01-11e9-b338-b328d4b73607",
      "administratorssignatures":"[{\"administator_id\":\"cb35c7e0-2d01-11e9-b338-b328d4b73607\",\"signe_at\":\"2019-03-08 11:39:55\",\"administrator_name\":\"Douki Ange\"}]",
      "state":"CREATED",
      "created_at":"2019-03-08 11:39:55",
      "updated_at":"2019-03-08 11:39:55",
      "signataires":[
        {
          "id":17,
          "userid":"cb35c7e0-2d01-11e9-b338-b328d4b73607",
          "firstname":"Douki",
          "lastname":"Ange",
          "gender":"FEMALE",
          "photo":"application/HQBM5nkN8fn2zoyKM0DOCX6JcCYMD9h8kaIcmyhf.png",
          "country":"CM",
          "cityofresidency":"Douala",
          "interestcenter":"Histoire traditionnelle",
          "email":"didnkallaehawe@gmail.com",
          "phone":"691179154",
          "enablement":1,
          "accepted_by":"e4eb3300-2bfe-11e9-bc28-5373631fd73d",
          "commenttotheregistration":"Histoire panafricaine",
          "mustresetpassword":0,
          "latitude":3.5,
          "longitude":5.4,
          "isconnected":1,
          "access_token":"",
          "created_at":"2019-02-10 07:04:19",
          "updated_at":"2019-03-08 13:48:46",
        }
      ],
      "user":{"id":26,"userid":"db324070-3d07-11e9-9635-9feddce0a875","firstname":"Enono","lastname":"Cezaire","gender":"MALE","photo":"application/DLqgcsdEF04nOJ3JysUlNUJ24osuvy3W8dawA0B8.png",
        "country":"CM","cityofresidency":"Nkongsung","interestcenter":"Sante Marternel","email":"centraleqhse.cm@gmail.com","phone":"+237691179154","enablement":1,
        "accepted_by":"cb35c7e0-2d01-11e9-b338-b328d4b73607","commenttotheregistration":"gdggsgsggs","mustresetpassword":1,"latitude":3.8649856,"longitude":11.5163136,
        "isconnected":0,"access_token":null,"created_at":"2019-03-06 20:10:09","updated_at":"2019-03-06 20:10:09"}
    },
    {"id":9,"administratorpropositionid":"b5512ca0-419d-11e9-89ed-df34662b74ce","proposeduserid":"32fa3860-417d-11e9-926b-a1044367f7ae","proposed_by":"cb35c7e0-2d01-11e9-b338-b328d4b73607",
      "administratorssignatures":"[{\"administator_id\":\"cb35c7e0-2d01-11e9-b338-b328d4b73607\",\"signe_at\":\"2019-03-08 12:28:41\",\"administrator_name\":\"Douki Ange\"}]","state":"CREATED",
      "created_at":"2019-03-08 12:28:41","updated_at":"2019-03-08 12:28:41",
      "signataires":[{"id":17,"userid":"cb35c7e0-2d01-11e9-b338-b328d4b73607","firstname":"Douki","lastname":"Ange","gender":"FEMALE",
        "photo":"application/HQBM5nkN8fn2zoyKM0DOCX6JcCYMD9h8kaIcmyhf.png","country":"CM","cityofresidency":"Douala","interestcenter":"Histoire traditionnelle","email":"didnkallaehawe@gmail.com",
        "phone":"691179154","enablement":1,"accepted_by":"e4eb3300-2bfe-11e9-bc28-5373631fd73d","commenttotheregistration":"Histoire panafricaine","mustresetpassword":0,
        "latitude":3.5,"longitude":5.4,"isconnected":1,"access_token":"","created_at":"2019-02-10 07:04:19","updated_at":"2019-03-08 13:48:46"}],
      "user":null},
    {"id":11,"administratorpropositionid":"40bb4540-41a0-11e9-8bab-0794d3f0b19a","proposeduserid":"fd75a530-419f-11e9-91af-a763905aae86","proposed_by":"cb35c7e0-2d01-11e9-b338-b328d4b73607",
      "administratorssignatures":"[{\"administator_id\":\"cb35c7e0-2d01-11e9-b338-b328d4b73607\",\"signe_at\":\"2019-03-08 12:46:54\",\"administrator_name\":\"Douki Ange\"}]","state":"CREATED",
      "created_at":"2019-03-08 12:46:54","updated_at":"2019-03-08 12:46:54",
      "signataires":[{"id":17,"userid":"cb35c7e0-2d01-11e9-b338-b328d4b73607","firstname":"Douki","lastname":"Ange","gender":"FEMALE",
        "photo":"application/HQBM5nkN8fn2zoyKM0DOCX6JcCYMD9h8kaIcmyhf.png","country":"CM","cityofresidency":"Douala","interestcenter":"Histoire traditionnelle",
        "email":"didnkallaehawe@gmail.com","phone":"691179154","enablement":1,"accepted_by":"e4eb3300-2bfe-11e9-bc28-5373631fd73d","commenttotheregistration":"Histoire panafricaine",
        "mustresetpassword":0,"latitude":3.5,"longitude":5.4,"isconnected":1,"access_token":"","created_at":"2019-02-10 07:04:19","updated_at":"2019-03-08 13:48:46"}],"user":null},
    {"id":12,"administratorpropositionid":"b4166680-41a6-11e9-bde6-f9273fac6ccc","proposeduserid":"cccf4220-41a5-11e9-a9b4-1b8f10edd6bf","proposed_by":"cb35c7e0-2d01-11e9-b338-b328d4b73607",
      "administratorssignatures":"[{\"administator_id\":\"cb35c7e0-2d01-11e9-b338-b328d4b73607\",\"signe_at\":\"2019-03-08 13:33:05\",\"administrator_name\":\"Douki Ange\"}]",
      "state":"CREATED","created_at":"2019-03-08 13:33:05","updated_at":"2019-03-08 13:33:05",
      "signataires":[{"id":17,"userid":"cb35c7e0-2d01-11e9-b338-b328d4b73607","firstname":"Douki","lastname":"Ange","gender":"FEMALE","photo":"application/HQBM5nkN8fn2zoyKM0DOCX6JcCYMD9h8kaIcmyhf.png",
        "country":"CM","cityofresidency":"Douala","interestcenter":"Histoire traditionnelle","email":"didnkallaehawe@gmail.com","phone":"691179154","enablement":1,
        "accepted_by":"e4eb3300-2bfe-11e9-bc28-5373631fd73d","commenttotheregistration":"Histoire panafricaine","mustresetpassword":0,"latitude":3.5,"longitude":5.4,"isconnected":1,"access_token":"",
        "created_at":"2019-02-10 07:04:19","updated_at":"2019-03-08 13:48:46"}],
      "user":{"id":29,"userid":"cccf4220-41a5-11e9-a9b4-1b8f10edd6bf","firstname":"Soft","lastname":"Inov Plus","gender":"FEMALE","photo":"application/nXGy900asOTRu2YdqDhACZIOGvKI7ah3TK6eiwTb.png",
        "country":"BI","cityofresidency":"Budjunbura","interestcenter":"Sante Marternel","email":"softinovplus@gmail.com",
        "phone":"691176178","enablement":1,"accepted_by":"cb35c7e0-2d01-11e9-b338-b328d4b73607","commenttotheregistration":"Best commentaire","mustresetpassword":0,"latitude":4.6298411,
        "longitude":11.7068294,"isconnected":1,"access_token":"","created_at":"2019-03-08 13:29:13","updated_at":"2019-03-08 13:31:12"}}]}